<?xml version = "1.0" encoding = "UTF-8"?>
<!DOCTYPE suite SYSTEM "http://testng.org/testng-1.0.dtd" >
<suite name="BBB Test Suite">
	<listeners>
		<listener class-name="com.bbb.util.TestCaseTransformer"></listener>
	</listeners>
	
	<test name="USA Concept ---> Sanity">
		<classes>
			<class name="com.bbb.mobile_SAN.USA_Sanity" />
		</classes>
	</test>
	<test name="Baby Concept ---> Sanity">
		<classes>
			<class name="com.bbb.mobile_SAN.Baby_Sanity" />
		</classes>
	</test>
	<test name="Canada Concept ---> Sanity">
		<classes>
			<class name="com.bbb.mobile_SAN.Canada_Sanity" />
		</classes>
	</test>
	<test name="USA Concept ---> Regression">
		<classes>
			<class name="com.bbb.mobile_REG.USA_Reg" />
		</classes>
	</test>
</suite>